Group,Card,Number,Variant,Source,Status,Price,Have,Image
Arceus (Platinum),,,,,,,,
,Arceus Lv. X,94/99,Regular,Serebii,,,,
,Arceus Lv. X,95/99,Regular,Serebii,,,,
,Arceus Lv. X,96/99,Regular,Serebii,,,,
,Arceus,AR1,Art series,Serebii,,,,
,Arceus,AR2,Art series,Serebii,,,,
,Arceus,AR3,Art series,Serebii,,,,
,Arceus,AR4,Art series,Serebii,,,,
,Arceus,AR5,Art series,Serebii,,,,
,Arceus,AR6,Art series,Serebii,,,,
,Arceus,AR7,Art series,Serebii,,,,
,Arceus,AR8,Art series,Serebii,,,,
,Arceus,AR9,Art series,Serebii,,,,
DP Promos,,,,,,,,
,Arceus,DP50,Promo,Serebii,,,,
,Arceus Lv. X,DP53,Promo,Serebii,,,,
,Arceus Lv. X,DP56,Promo,Serebii,,,,
2009 Movie Premiere Pack (JP),,,,,,,,
,Arceus,20/22,JP exclusive,Serebii,,,,
,Arceus,21/22,JP exclusive,Serebii,,,,
,Arceus,22/22,JP exclusive,Serebii,,,,
DPt-P Promos (JP),,,,,,,,
,Arceus,40/DPt-P,JP exclusive,Serebii,,,,
XY Promos,,,,,,,,
,Arceus,XY83,Promo,Serebii,,,,
,Arceus,XY116,Promo,Serebii,,,,
,Arceus,XY197,Promo,Serebii,,,,
Shining Legends,,,,,,,,
,Shining Arceus,57/73,Shining,Serebii,,,,
Forbidden Light,,,,,,,,
,Arceus Prism,96/131,Prism Star,Serebii,,,,
Cosmic Eclipse,,,,,,,,
,Arceus & Dialga & Palkia GX,156/236,Regular,Serebii,,,,
,Arceus & Dialga & Palkia GX,220/236,Full art,Serebii,,,,
,Arceus & Dialga & Palkia GX,221/236,Alt art,Serebii,,,,
,Arceus & Dialga & Palkia GX,258/236,Secret rare,Serebii,,,,
Brilliant Stars,,,,,,,,
,Arceus V,122/172,Regular,Serebii,,,,
,Arceus VSTAR,123/172,Regular,Serebii,,,,
,Arceus V,165/172,Full art,Serebii,,,,
,Arceus V,166/172,Alt art,Serebii,,,,
,Arceus VSTAR,176/172,Secret rare,Serebii,,,,
,Arceus VSTAR,184/172,Secret rare,Serebii,,,,
Crown Zenith,,,,,,,,
,Arceus VSTAR,GG70/GG70,Galarian Gallery,Serebii,,,,
SWSH Promos,,,,,,,,
,Arceus V,SWSH204,Promo,Serebii,,,,
,Arceus V,SWSH306,Promo,Serebii,,,,
,Arceus VSTAR,SWSH307,Promo,Serebii,,,,